{
  "_format": "hh-sol-cache-2",
  "files": {
    "C:\\Users\\Dell\\Downloads\\project_crowdfunding-master\\project_crowdfunding-master\\web3\\contracts\\CrowdFunding.sol": {
      "lastModificationDate": 1675583871170,
      "contentHash": "c8b825e1421997fddfa316bd8d34dc1a",
      "sourceName": "contracts/CrowdFunding.sol",
      "solcConfig": {
        "version": "0.8.9",
        "settings": {
          "optimizer": {
            "enabled": true,
            "runs": 200
          },
          "outputSelection": {
            "*": {
              "*": [
                "abi",
                "evm.bytecode",
                "evm.deployedBytecode",
                "evm.methodIdentifiers",
                "metadata"
              ],
              "": [
                "ast"
              ]
            }
          }
        }
      },
      "imports": [],
      "versionPragmas": [
        "^0.8.9"
      ],
      "artifacts": [
        "CrowdFunding"
      ]
    }
  }
}
